21,34|14|2016424356
21,34|14|2016424357
21,34|14|2016424357
21,34|14|2016424358
21,34|14|2016424358
21,32|14|2016424358
21,34|14|2016424359
21,34|14|2016424359
21,32|14|201642440
21,34|14|201642440
21,34|14|201642441
21,34|14|201642441
21,34|14|201642443
21,34|14|201642443
21,34|14|201642443
21,34|14|201642443
21,34|14|201642444
21,34|14|201642445
21,34|14|201642446
21,34|14|201642446
21,34|14|201642446
21,34|14|201642447
21,34|14|201642447
21,34|14|201642448
21,34|14|201642449
21,34|14|2016424410
21,34|14|2016424410
21,34|14|2016424411
21,34|14|2016424412
21,34|14|2016424412
21,34|14|2016424413
21,34|14|2016424415
21,34|14|2016424415
21,34|14|2016424416
21,34|14|2016424416
21,34|14|2016424418
21,34|13|2016424418
21,34|13|2016424418
21,34|13|2016424419
21,34|13|2016424419
21,34|13|2016424420
21,34|13|2016424421
21,34|13|2016424421
21,34|13|2016424422
21,30|13|2016424422
21,34|13|2016424424
21,32|13|2016424424
21,30|13|2016424425
21,34|13|2016424426
21,34|13|2016424428
21,34|13|2016424428
21,34|13|2016424428
21,34|13|2016424429
21,34|13|2016424429
21,34|13|2016424429
21,34|19|201642411
21,34|20|201642410
21,34|19|201642411
21,34|20|2016424049
21,34|20|2016424051
21,34|20|2016424052
21,34|20|2016424056
21,34|20|2016424057
21,34|20|2016424058
21,34|19|201642414
21,34|19|201642415
21,34|19|201642419
21,32|19|2016424113
21,30|19|2016424114
21,34|19|2016424117
21,34|19|201642415
21,34|19|201642417
21,34|19|2016424118
21,34|19|201642414
21,34|19|2016424120
21,34|19|2016424125
21,30|19|2016424128
20,35|16|2016424313
21,34|19|2016424120
21,34|19|2016424123
21,34|19|2016424124
21,34|19|2016424126
21,34|19|2016424127
20,35|16|2016424334
0,30|16|2016424341
21,31|16|2016424341
21,34|16|2016424341
21,34|16|2016424342
21,34|15|2016424342
21,34|15|2016424342
21,34|15|2016424343
21,34|15|2016424343
21,34|15|2016424344
21,34|15|2016424345
21,34|15|2016424345
21,34|15|2016424346
21,34|15|2016424347
21,34|15|2016424347
0,34|15|2016424349
0,34|15|2016424349
21,34|15|2016424349
21,34|15|2016424350
21,32|15|2016424351
21,32|15|2016424351
21,34|13|2016424353
21,34|13|2016424354
21,34|13|2016424354
21,34|13|2016424354
20,32|16|2016424315
20,35|16|2016424317
20,35|16|2016424317
20,35|16|2016424317
20,35|16|2016424318
20,35|16|2016424322
20,35|16|2016424323
20,35|16|2016424324
20,35|16|2016424324
20,31|16|2016424324
20,35|16|2016424326
20,35|16|2016424327
20,35|16|2016424329
20,33|16|2016424330
20,33|16|2016424330
20,33|16|2016424330
20,31|16|2016424331
20,35|16|2016424331
20,35|16|2016424332
20,35|16|2016424333
20,35|16|2016424334
20,35|16|2016424334
21,31|13|2016424432
21,32|13|2016424432
20,35|16|2016424314
21,32|13|2016424435
20,35|16|2016424314
20,31|16|2016424315
21,34|13|2016424434
21,32|13|2016424442
21,32|13|2016424442
21,31|13|2016424443
21,31|13|2016424443
21,34|13|2016424437
21,34|13|2016424444
21,34|13|2016424437
21,32|13|2016424438
21,30|13|2016424440
21,31|13|2016424440
21,31|13|2016424444
21,34|13|2016424452
21,34|13|2016424446
21,34|13|2016424447
21,34|13|2016424448
21,34|13|2016424450
21,34|13|2016424450
21,31|13|2016424452
21,34|13|2016424453
21,34|13|2016424453
21,34|13|2016424454
21,34|13|2016424457
21,34|13|2016424454
21,34|13|2016424456
21,34|13|2016424456
21,34|13|2016424458
21,34|13|2016424458
21,34|13|2016424459
21,34|13|201642451
21,34|13|201642458
21,34|13|201642458
21,34|13|2016424514
21,34|13|2016424514
21,34|13|2016424513
21,34|13|2016424513
21,34|13|201642453
21,34|13|201642457
21,34|13|201642457
21,34|13|2016424511
21,34|13|201642459
21,34|13|2016424511
21,34|13|2016424514
21,30|13|2016424515
21,34|13|2016424523
21,31|13|2016424516
21,34|13|2016424519
21,34|13|2016424520
21,34|13|2016424522
21,34|13|2016424524
21,34|13|2016424525
20,35|13|2016424529
20,35|13|2016424529
20,35|13|2016424531
20,35|13|2016424531
20,35|13|2016424532
20,35|13|2016424532
21,34|13|2016424527
20,35|13|2016424531
20,35|13|2016424532
21,34|13|2016424528
21,34|13|2016424529
20,35|13|2016424531
20,35|13|2016424533
21,34|13|2016424537
21,34|13|2016424538
20,35|13|2016424533
20,35|13|2016424534
21,34|13|2016424537
21,34|13|2016424539
20,35|13|2016424535
20,35|13|2016424535
21,34|13|2016424544
21,34|13|2016424544
21,34|13|2016424544
21,34|13|2016424544
21,34|13|2016424546
21,34|13|2016424546
21,34|13|2016424539
21,34|13|2016424541
21,34|13|2016424547
21,34|13|2016424548
21,34|13|2016424547
21,34|13|2016424548
21,34|13|2016424550
21,31|13|2016424551
21,34|13|2016424549
21,34|13|2016424551
21,32|13|2016424553
21,34|13|2016424554
21,34|13|2016424554
21,34|13|2016424554
21,34|13|2016424556
20,35|13|201642461
20,35|13|201642462
20,35|13|201642463
21,34|13|2016424557
20,35|13|201642462
20,35|13|201642463
20,35|13|201642465
20,35|13|201642466
20,35|13|201642464
20,35|13|201642469
20,35|13|2016424611
20,35|13|201642466
20,35|13|201642468
20,35|13|201642469
20,35|13|201642469
20,35|13|2016424611
20,35|13|2016424614
20,35|13|2016424613
20,35|13|2016424616
20,35|13|2016424626
20,35|13|2016424615
20,35|13|2016424618
20,35|13|2016424619
20,35|13|2016424623
20,35|13|2016424624
20,35|13|2016424625
20,35|13|2016424627
20,33|13|2016424631
20,33|13|2016424631
20,35|13|2016424628
20,35|13|2016424628
20,35|13|2016424629
20,30|13|2016424631
20,35|13|2016424632
20,35|13|2016424632
20,35|13|2016424629
20,35|13|2016424630
20,31|13|2016424634
20,31|13|2016424634
20,35|13|2016424636
20,35|13|2016424636
20,30|13|2016424634
20,35|13|2016424636
20,35|13|2016424638
20,35|13|2016424638
20,35|13|2016424639
20,35|13|2016424639
20,35|13|2016424640
20,31|13|2016424644
20,31|13|2016424644
20,35|13|2016424643
20,30|13|2016424645
20,35|13|2016424642
20,35|13|2016424644
20,35|13|2016424646
20,35|13|2016424646
20,32|13|2016424646
20,32|13|2016424650
20,35|13|2016424655
20,35|13|2016424655
20,35|13|2016424650
20,35|13|2016424653
20,31|13|2016424650
20,35|13|2016424651
20,35|13|2016424653
20,35|13|2016424654
20,35|13|2016424654
20,35|13|2016424654
20,35|12|2016424658
20,35|12|2016424658
20,35|12|2016424655
20,35|12|2016424656
20,35|12|2016424656
20,35|12|2016424657
20,35|12|2016424658
20,35|12|2016424659
20,35|12|201642470
20,35|12|201642470
20,35|12|201642472
20,35|12|201642472
20,35|12|201642473
20,35|12|201642473
20,35|12|201642472
20,35|12|201642476
20,35|12|201642477
20,35|12|201642478
20,35|12|201642473
20,35|12|201642474
20,35|12|201642474
20,35|12|2016424728
20,35|12|2016424728
20,35|12|201642479
20,35|12|2016424721
20,35|12|2016424722
20,35|12|2016424722
20,35|12|2016424725
20,35|12|2016424726
20,35|12|2016424728
20,35|12|2016424727
20,35|12|2016424729
20,35|12|2016424729
20,35|12|2016424729
20,35|12|2016424729
20,35|12|2016424733
20,35|12|2016424731
20,35|12|2016424731
20,35|12|2016424732
20,35|12|2016424733
20,32|12|2016424732
20,35|11|2016424737
20,35|11|2016424738
20,35|11|2016424740
20,35|11|2016424734
20,35|11|2016424736
20,35|11|2016424737
20,35|11|2016424737
20,35|11|2016424740
20,35|11|2016424735
20,35|11|2016424749
20,35|11|2016424749
20,35|11|2016424743
20,35|11|2016424749
20,35|11|2016424741
20,35|11|2016424742
20,35|11|2016424743
20,35|11|2016424745
20,31|11|2016424746
20,33|11|2016424746
20,35|11|2016424750
20,30|11|2016424751
20,35|11|2016424752
20,35|11|2016424755
20,35|11|2016424756
20,35|11|2016424758
20,35|11|2016424759
20,35|11|2016424759
20,31|11|201642480
18,36|13|20164241556
18,36|13|20164241558
18,36|13|20164241559
18,36|13|20164241559
18,36|13|2016424160
18,36|13|2016424161
18,36|13|2016424162
18,36|13|2016424162
18,36|13|2016424162
18,36|13|2016424163
18,36|13|2016424164
18,36|13|2016424164
18,36|13|2016424164
18,31|13|2016424165
18,36|13|2016424166
18,36|13|2016424166
18,36|13|2016424167
18,36|13|2016424167
18,36|13|2016424169
18,36|13|20164241611
18,31|13|20164241611
18,36|13|20164241612
18,31|13|20164241613
18,36|14|20164241614
18,36|14|20164241616
18,36|14|20164241618
18,36|14|20164241619
18,36|14|20164241622
18,36|14|20164241623
18,33|14|20164241624
18,36|14|20164241625
18,36|14|20164241625
18,31|14|20164241626
18,33|14|20164241626
18,36|14|20164241626
18,31|14|20164241627
18,36|14|20164241630
18,33|13|20164241632
18,33|13|20164241635
18,36|13|20164241636
18,36|13|20164241639
18,36|13|20164241639
18,31|13|20164241640
18,36|13|20164241641
18,36|13|20164241641
18,36|13|20164241642
18,36|13|20164241642
18,31|13|20164241642
18,36|13|20164241643
18,36|13|20164241643
18,36|13|20164241643
18,36|13|20164241644
18,36|13|20164241644
18,36|13|20164241645
18,36|13|20164241646
18,33|13|20164241647
18,36|13|20164241647
18,36|13|20164241648
18,36|13|20164241649
18,33|13|20164241649
18,31|13|20164241650
18,33|13|20164241650
18,36|13|20164241651
18,36|13|20164241651
18,36|13|20164241652
18,36|15|20164241652
18,31|15|20164241652
18,31|15|20164241652
18,36|15|20164241655
18,36|15|20164241655
18,36|15|20164241655
18,36|15|20164241656
18,36|13|20164241658
18,36|15|20164241659
18,36|15|2016424170
18,36|15|2016424171
18,36|15|2016424173
18,36|15|2016424173
18,34|15|2016424173
18,34|15|2016424174
18,34|15|2016424175
18,34|15|2016424175
18,36|15|2016424177
18,36|15|2016424177
18,36|15|2016424178
18,36|15|2016424178
18,36|15|2016424178
18,36|15|2016424178
19,35|15|2016424179
19,33|15|2016424179
19,35|15|20164241710
18,32|15|20164241711
18,32|15|20164241711
18,36|15|20164241712
18,36|15|20164241713
18,34|15|20164241713
18,34|15|20164241713
18,34|15|20164241714
18,32|15|20164241729
18,36|15|20164241729
18,36|15|20164241729
18,36|15|20164241729
18,32|15|20164241729
18,36|15|20164241729
18,34|15|20164241729
18,33|15|20164241729
18,36|15|20164241729
18,36|15|20164241729
18,36|15|20164241729
18,36|15|20164241729
18,32|15|20164241729
18,36|15|20164241729
18,36|15|20164241729
18,36|15|20164241729
18,36|15|20164241729
18,36|15|20164241729
19,35|15|20164241732
19,30|15|20164241735
18,36|15|20164241731
19,35|15|20164241734
19,33|15|20164241735
18,36|15|20164241736
18,36|15|20164241736
19,33|15|20164241741
19,33|15|20164241741
19,35|15|20164241739
19,35|15|20164241739
19,35|15|20164241739
19,35|15|20164241740
19,33|15|20164241741
18,36|15|20164241742
18,36|15|20164241743
19,35|15|20164241744
18,36|15|20164241745
19,35|16|20164241750
19,35|16|20164241750
19,35|15|20164241747
19,35|15|20164241749
19,35|16|20164241751
19,35|15|20164241747
19,35|16|20164241751
19,32|16|20164241752
19,31|16|20164241753
19,32|16|20164241753
18,36|16|20164241756
18,36|16|20164241756
18,36|16|20164241757
18,32|16|20164241757
18,36|16|20164241758
18,36|16|20164241759
18,36|16|20164241759
18,32|16|2016424180
18,33|16|2016424186
18,32|16|20164241813
18,32|16|20164241813
18,36|16|2016424186
18,36|16|2016424187
18,32|16|2016424188
18,36|16|20164241811
18,36|16|2016424186
18,36|16|2016424187
18,36|16|20164241811
18,33|16|20164241812
19,35|16|20164241820
19,35|16|20164241820
19,32|16|20164241813
19,30|16|20164241818
18,36|16|20164241814
19,35|16|20164241817
19,32|16|20164241818
19,35|16|20164241819
19,35|16|20164241819
19,35|16|20164241816
19,35|16|20164241826
19,35|16|20164241826
19,35|16|20164241821
19,35|16|20164241825
19,35|16|20164241831
19,35|16|20164241821
19,30|16|20164241822
19,35|16|20164241823
19,35|16|20164241825
19,35|16|20164241829
19,35|16|20164241836
19,35|16|20164241836
19,35|16|20164241833
19,30|16|20164241834
19,35|16|20164241837
19,35|16|20164241833
19,35|16|20164241834
19,35|16|20164241836
19,35|16|20164241838
19,35|16|20164241835
19,35|16|20164241838
19,35|16|20164241841
19,35|16|20164241843
19,35|16|20164241845
19,30|16|20164241839
19,35|16|20164241843
19,35|16|20164241843
19,35|16|20164241844
19,35|16|20164241846
19,35|16|20164241846
19,35|16|20164241846
19,35|16|20164241849
19,35|16|20164241849
19,35|16|20164241850
19,35|16|20164241852
19,35|16|20164241855
19,35|16|20164241850
19,35|16|20164241851
19,35|16|20164241854
19,35|16|20164241857
19,35|16|2016424195
19,35|16|2016424195
19,35|16|2016424194
19,35|16|2016424194
19,30|16|2016424190
19,31|16|2016424191
19,35|16|2016424191
19,35|16|2016424192
19,35|16|20164241858
19,35|16|20164241859
19,35|16|2016424191
20,35|17|20164241916
20,35|17|20164241916
19,35|17|20164241910
19,35|17|20164241910
20,35|17|20164241919
19,31|17|20164241912
20,35|17|20164241911
20,33|17|20164241913
20,32|17|20164241919
19,35|17|2016424199
20,35|17|20164241917
20,35|17|20164241928
20,35|17|20164241928
20,30|17|20164241922
20,35|17|20164241925
20,35|17|20164241927
20,30|17|20164241929
20,32|17|20164241922
20,35|17|20164241923
20,30|17|20164241927
20,35|17|20164241930
20,32|17|20164241935
20,32|17|20164241935
20,32|17|20164241930
20,32|17|20164241933
20,35|17|20164241933
20,33|17|20164241934
20,30|17|20164241936
20,31|17|20164241932
20,32|17|20164241936
20,32|17|20164241937
20,35|17|20164241946
20,35|17|20164241946
20,32|17|20164241943
20,31|17|20164241944
20,35|17|20164241946
20,35|17|20164241940
20,30|17|20164241943
20,35|17|20164241946
20,35|17|20164241947
20,35|17|20164241947
20,31|17|20164241958
20,31|17|20164241958
20,35|17|20164241947
20,30|17|20164241959
20,35|17|20164241949
20,35|17|20164241950
20,35|17|20164241952
20,35|17|20164241954
20,35|17|20164241956
20,33|17|20164241957
20,32|18|2016424200
20,35|18|2016424201
20,31|17|20164241959
20,35|17|20164241959
20,30|18|2016424201
20,35|18|2016424202
20,32|18|2016424203
20,31|18|2016424204
20,35|18|2016424204
20,35|18|20164242011
20,35|18|20164242011
20,32|18|2016424205
20,35|18|2016424207
20,35|18|2016424205
20,32|18|2016424207
20,35|18|2016424209
20,35|18|20164242011
20,32|18|20164242012
20,33|18|2016424204
20,35|18|20164242022
20,35|18|20164242022
20,31|18|20164242014
20,35|18|20164242015
20,35|18|20164242013
20,35|18|20164242015
20,35|18|20164242017
20,35|18|20164242018
20,35|18|20164242020
20,35|18|20164242020
20,35|18|20164242023
20,35|18|20164242023
20,35|18|20164242023
20,35|18|20164242024
20,35|18|20164242025
20,35|18|20164242028
20,35|18|20164242025
20,35|18|20164242026
20,35|18|20164242028
20,31|20|20164242030
20,35|20|20164242033
20,35|20|20164242036
20,35|20|20164242040
20,35|20|20164242041
20,35|20|20164242042
20,31|20|20164242043
20,35|20|20164242032
20,32|20|20164242034
20,35|20|20164242042
20,35|20|20164242044
20,35|20|20164242045
20,35|20|20164242045
20,30|20|20164242046
20,32|20|20164242048
20,32|20|20164242048
20,35|20|20164242049
20,35|20|20164242052
20,33|20|20164242052
21,34|20|20164242057
21,34|20|20164242057
21,34|20|20164242053
21,34|20|20164242053
21,32|20|20164242054
21,29|20|20164242054
21,34|20|20164242055
21,29|20|20164242056
21,34|20|20164242057
21,34|20|20164242058
21,34|20|2016424210
21,34|20|2016424212
21,34|20|2016424213
21,34|20|20164242059
21,34|20|20164242059
21,34|20|2016424211
21,32|20|2016424212
21,34|20|2016424214
21,34|20|2016424214
21,34|20|2016424215
21,34|20|2016424216
21,34|20|2016424217
21,32|20|2016424218
21,30|20|2016424219
21,31|20|20164242111
21,32|20|2016424219
21,34|20|2016424214
20,35|20|2016424215
21,34|20|20164242112
21,34|20|20164242215
21,34|20|20164242215
21,34|20|20164242215
20,35|20|20164242215
20,35|20|20164242215
20,35|20|20164242215
21,34|20|20164242215
20,35|18|20164242215
20,35|18|20164242215
21,34|18|20164242215
20,35|18|20164242215
21,34|18|20164242215
21,34|18|20164242215
20,35|18|20164242215
21,34|18|20164242215
21,34|18|20164242215
20,35|18|20164242215
20,35|18|20164242215
20,35|18|20164242215
20,35|20|20164242215
20,35|20|20164242215
20,35|20|20164242215
20,35|18|20164242215
20,35|18|20164242215
21,34|18|20164242215
21,34|18|20164242215
20,35|18|20164242215
21,34|18|20164242215
21,34|18|20164242215
21,34|18|20164242215
21,34|18|20164242215
21,34|18|20164242215
20,35|18|20164242215
20,35|18|20164242215
20,33|18|20164242216
20,35|18|20164242218
20,35|18|20164242219
20,35|18|20164242219
21,34|14|2016424357
21,34|14|2016424357
21,34|14|2016424358
21,34|14|2016424359
21,34|14|201642441
21,34|14|201642442
21,34|14|201642445
21,34|14|201642447
21,34|14|201642448
21,34|14|2016424410
21,34|14|2016424410
21,34|14|2016424410
21,34|14|2016424411
21,34|14|2016424411
21,34|14|2016424414
21,34|14|2016424415
21,34|14|2016424415
21,34|14|2016424415
21,34|14|2016424416
21,34|14|2016424418
21,34|14|2016424418
21,34|14|2016424419
21,34|14|2016424419
21,34|14|2016424420
21,34|13|2016424420
21,34|13|2016424421
21,34|13|2016424423
21,32|13|2016424424
21,30|13|2016424425
21,34|13|2016424426
21,34|13|2016424426
21,34|13|2016424427
21,34|13|2016424427
21,34|13|2016424428
21,34|13|2016424429
20,35|16|2016424334
21,34|16|2016424334
21,34|16|2016424341
21,34|16|2016424341
21,34|15|2016424346
21,34|15|2016424347
21,34|15|2016424348
21,34|15|2016424349
0,34|15|2016424349
21,34|13|2016424349
0,34|15|2016424349
21,34|15|2016424350
21,32|15|2016424350
21,32|15|2016424350
21,32|15|2016424351
21,32|15|2016424351
21,31|15|2016424352
21,34|13|2016424353
21,34|13|2016424354
21,34|14|2016424355
21,31|14|2016424356
21,31|14|2016424356
20,35|16|2016424316
20,35|16|2016424317
20,35|16|2016424318
20,35|16|2016424319
20,35|16|2016424319
20,35|16|2016424320
20,35|16|2016424320
20,35|16|2016424321
20,35|16|2016424325
20,31|16|2016424327
20,31|16|2016424327
20,32|16|2016424327
20,35|16|2016424328
20,35|16|2016424329
20,35|16|2016424330
20,35|16|2016424330
20,31|16|2016424331
20,35|16|2016424332
20,35|16|2016424332
20,35|16|2016424333
20,35|16|2016424333
21,34|19|201642410
21,34|19|201642412
21,34|19|201642415
21,30|20|2016424049
21,34|20|2016424051
21,34|19|201642412
21,34|19|201642418
21,34|20|2016424053
21,34|20|2016424059
21,34|20|2016424059
21,34|19|201642418
21,31|19|2016424110
21,34|19|2016424112
21,31|19|2016424115
21,32|19|2016424116
21,34|19|201642419
21,34|19|2016424115
21,34|19|2016424120
21,34|19|2016424119
21,34|13|2016424430
21,34|13|2016424430
21,32|13|2016424432
21,31|19|2016424122
21,34|19|2016424124
21,31|19|2016424128
20,35|16|2016424313
21,34|19|2016424121
21,34|13|2016424439
21,34|13|2016424439
21,31|13|2016424436
21,34|13|2016424437
21,34|13|2016424440
21,34|13|2016424433
21,30|13|2016424436
21,34|13|2016424438
21,31|13|2016424439
21,31|13|2016424440
21,34|13|2016424441
21,34|13|2016424449
21,34|13|2016424442
21,32|13|2016424443
21,32|13|2016424445
21,31|13|2016424445
21,34|13|2016424446
21,34|13|2016424447
21,34|13|2016424450
21,34|13|2016424451
21,34|13|2016424453
21,34|13|2016424451
21,30|13|2016424452
21,34|13|2016424453
21,34|13|2016424455
21,32|13|2016424455
21,34|13|2016424457
21,34|13|2016424458
21,34|13|201642450
21,34|13|201642450
21,34|13|201642456
21,34|13|201642456
21,34|13|201642455
21,34|13|201642455
21,34|13|2016424459
21,34|13|201642450
21,34|13|201642453
21,34|13|201642455
21,34|13|201642458
21,34|13|2016424517
21,34|13|2016424517
21,34|13|2016424515
21,34|13|2016424515
21,34|13|2016424510
21,34|13|2016424516
21,34|13|201642459
21,34|13|2016424510
21,34|13|2016424515
21,34|13|2016424517
21,34|13|2016424518
21,30|13|2016424518
21,34|13|2016424520
21,34|13|2016424525
21,34|13|2016424518
21,34|13|2016424520
21,34|13|2016424522
21,34|13|2016424523
21,34|13|2016424525
21,34|13|2016424526
21,34|13|2016424527
20,35|13|2016424532
20,35|13|2016424534
21,31|13|2016424527
21,34|13|2016424527
21,34|13|2016424539
21,34|13|2016424542
20,35|13|2016424535
20,35|13|2016424535
21,34|13|2016424551
21,34|13|2016424551
21,34|13|2016424545
21,34|13|2016424548
21,34|13|2016424549
21,34|13|2016424550
21,34|13|2016424543
21,34|13|2016424545
21,34|13|2016424548
21,30|13|2016424550
21,34|13|2016424552
21,32|13|2016424553
21,34|13|2016424553
21,34|13|2016424554
21,34|13|2016424554
21,34|13|2016424555
21,34|13|2016424556
21,34|13|2016424557
21,34|13|2016424558
20,35|13|201642465
20,35|13|201642469
21,34|13|2016424558
20,35|13|201642460
20,35|13|201642463
20,35|13|201642465
20,35|13|201642467
20,35|13|201642469
20,35|13|201642464
20,35|13|2016424610
20,35|13|2016424610
20,35|13|2016424611
20,35|13|2016424614
20,35|13|2016424610
20,35|13|2016424610
20,35|13|2016424612
20,35|13|2016424614
20,35|13|2016424613
20,35|13|2016424613
20,35|13|2016424615
20,35|13|2016424615
20,35|13|2016424620
20,35|13|2016424620
20,35|13|2016424617
20,35|13|2016424616
20,35|13|2016424617
20,35|13|2016424617
20,35|13|2016424619
20,35|13|2016424621
20,35|13|2016424623
20,35|13|2016424626
20,35|13|2016424626
20,35|13|2016424623
20,35|13|2016424625
20,35|13|2016424626
20,35|13|2016424628
20,35|13|2016424624
20,35|13|2016424625
20,35|13|2016424628
20,30|13|2016424630
20,32|13|2016424630
20,30|13|2016424631
20,35|13|2016424632
20,30|13|2016424634
20,32|13|2016424635
20,35|13|2016424631
20,31|13|2016424632
20,30|13|2016424637
20,35|13|2016424635
20,35|13|2016424642
20,35|13|2016424642
20,35|13|2016424638
20,35|13|2016424639
20,35|13|2016424642
20,35|13|2016424643
20,35|13|2016424643
20,35|13|2016424644
20,32|13|2016424645
20,32|13|2016424646
20,32|13|2016424648
20,32|13|2016424648
20,35|13|2016424647
20,35|13|2016424649
20,35|13|2016424650
20,35|13|2016424651
20,35|13|2016424647
20,35|13|2016424649
20,35|13|2016424652
20,35|13|2016424655
20,35|12|201642477
20,35|12|201642477
20,35|12|201642473
20,35|12|201642475
20,35|12|201642475
20,35|12|201642476
20,35|12|2016424658
20,35|12|201642474
20,35|12|201642474
20,35|12|201642474
20,35|12|2016424716
19,35|12|2016424716
20,35|12|2016424716
20,35|12|201642477
20,35|12|201642478
20,35|12|201642479
20,35|12|2016424718
20,35|12|201642478
20,35|12|201642479
20,35|12|2016424720
20,35|12|2016424720
20,35|12|2016424723
20,35|12|2016424723
20,35|12|2016424724
20,35|12|2016424724
20,35|12|2016424721
20,35|12|2016424723
20,35|12|2016424725
20,35|12|2016424727
20,35|12|2016424727
20,35|12|2016424721
20,35|12|2016424727
20,35|12|2016424733
20,35|12|2016424733
20,35|12|2016424731
20,35|11|2016424738
20,35|12|2016424730
20,35|12|2016424730
20,35|12|2016424731
20,35|12|2016424733
20,35|12|2016424734
20,35|11|2016424736
20,35|11|2016424742
20,35|11|2016424742
20,35|11|2016424741
20,35|11|2016424741
20,35|11|2016424740
20,35|11|2016424741
20,35|11|2016424744
20,35|11|2016424739
20,35|11|2016424743
20,35|11|2016424743
20,35|11|2016424744
20,33|11|2016424745
20,31|11|2016424746
20,35|11|2016424748
20,35|11|2016424752
20,35|11|2016424745
20,30|11|2016424747
20,35|11|2016424748
20,35|11|2016424753
20,35|11|2016424754
18,36|13|20164241557
18,36|13|20164241557
18,36|13|20164241558
18,34|13|20164241559
18,36|13|2016424160
18,36|13|2016424160
18,36|13|2016424161
18,36|13|2016424161
18,36|13|2016424163
18,36|13|2016424165
18,31|13|2016424168
18,33|13|2016424168
18,36|13|2016424169
18,36|13|20164241610
18,36|13|20164241611
18,36|13|20164241613
18,36|13|20164241613
18,33|13|20164241614
18,36|14|20164241614
18,31|14|20164241615
18,31|14|20164241615
18,33|14|20164241615
18,33|14|20164241615
18,36|14|20164241616
18,36|14|20164241616
18,36|14|20164241617
18,33|14|20164241620
18,36|14|20164241621
18,36|14|20164241621
18,36|14|20164241622
18,36|14|20164241623
18,36|14|20164241624
18,33|14|20164241626
18,36|14|20164241627
18,36|14|20164241628
18,36|14|20164241629
18,36|14|20164241630
18,36|14|20164241630
18,36|13|20164241630
18,36|13|20164241631
18,31|13|20164241631
18,36|13|20164241632
18,32|13|20164241633
18,36|13|20164241633
18,36|13|20164241634
18,36|13|20164241634
18,31|13|20164241635
18,36|13|20164241636
18,36|13|20164241637
18,36|13|20164241637
18,36|13|20164241639
18,36|13|20164241639
18,36|13|20164241640
18,36|13|20164241644
18,36|13|20164241644
18,31|13|20164241644
18,36|13|20164241645
18,36|13|20164241645
18,31|13|20164241646
18,36|13|20164241647
18,36|13|20164241648
18,32|13|20164241649
18,32|13|20164241649
18,33|13|20164241650
18,36|13|20164241651
18,36|15|20164241654
18,36|15|20164241654
18,36|15|20164241654
18,34|15|20164241656
18,34|13|20164241657
18,36|13|20164241658
18,34|15|2016424170
18,36|15|2016424171
18,34|15|2016424172
18,36|15|2016424174
18,36|15|2016424175
18,36|15|2016424175
18,36|15|2016424176
18,36|15|2016424177
19,33|15|2016424179
19,35|15|20164241710
19,33|15|20164241710
19,35|15|20164241711
18,36|15|20164241712
18,33|15|20164241713
18,36|15|20164241714
18,36|15|20164241729
18,34|15|20164241729
18,36|15|20164241729
18,36|15|20164241729
18,33|15|20164241729
18,36|15|20164241729
18,32|15|20164241729
18,36|15|20164241729
18,36|15|20164241729
18,36|15|20164241729
18,33|15|20164241729
18,36|15|20164241729
18,32|15|20164241729
18,36|15|20164241729
18,32|15|20164241729
18,33|15|20164241729
18,36|15|20164241729
18,36|15|20164241729
20,35|11|2016424754
20,35|11|2016424757
20,35|11|2016424755
20,32|11|2016424757
20,35|11|2016424758
20,35|11|2016424758
20,35|11|2016424759
18,36|15|20164241734
18,36|15|20164241734
18,36|15|20164241730
18,34|15|20164241731
19,31|15|20164241733
18,32|15|20164241730
18,36|15|20164241730
18,36|15|20164241732
18,36|15|20164241733
19,30|15|20164241733
18,34|15|20164241740
18,34|15|20164241740
19,30|15|20164241742
19,30|15|20164241742
18,36|15|20164241738
19,33|15|20164241735
18,36|15|20164241737
18,36|15|20164241737
19,31|15|20164241738
19,32|15|20164241738
19,35|15|20164241739
19,35|15|20164241743
18,36|15|20164241744
19,33|15|20164241745
19,35|15|20164241748
18,36|15|20164241745
19,30|15|20164241746
19,35|15|20164241747
19,35|15|20164241748
19,32|16|20164241750
18,36|16|20164241754
18,36|16|20164241754
19,35|16|20164241751
19,35|16|20164241752
18,36|16|20164241753
18,36|16|20164241754
18,33|16|20164241755
18,36|16|20164241756
18,36|16|20164241756
18,32|16|20164241757
18,36|16|2016424180
18,32|16|2016424183
18,33|16|20164241758
18,36|16|20164241758
18,36|16|20164241758
18,33|16|2016424180
18,36|16|2016424182
18,36|16|2016424183
18,36|16|2016424183
18,36|16|2016424189
18,36|16|2016424189
18,36|16|20164241810
18,36|16|20164241810
18,36|16|2016424189
18,36|16|20164241811
18,36|16|20164241812
18,36|16|2016424185
18,36|16|2016424187
18,36|16|2016424184
18,36|16|2016424184
18,36|16|20164241812
18,36|16|20164241812
19,35|16|20164241820
19,35|16|20164241820
19,35|16|20164241813
18,33|16|20164241815
19,35|16|20164241818
19,35|16|20164241821
19,35|16|20164241816
18,36|16|20164241816
19,35|16|20164241819
19,35|16|20164241827
19,35|16|20164241827
19,35|16|20164241823
19,35|16|20164241824
19,35|16|20164241826
19,35|16|20164241823
19,35|16|20164241824
19,35|16|20164241828
19,31|16|20164241829
19,35|16|20164241830
19,35|16|20164241832
19,35|16|20164241832
19,35|16|20164241830
19,35|16|20164241831
19,35|16|20164241832
19,35|16|20164241833
19,35|16|20164241834
19,33|16|20164241834
19,35|16|20164241837
19,35|16|20164241837
19,35|16|20164241839
19,35|16|20164241839
19,35|16|20164241843
19,32|16|20164241844
19,35|16|20164241845
19,30|16|20164241839
19,35|16|20164241840
19,35|16|20164241842
19,35|16|20164241843
19,35|16|20164241846
19,35|16|20164241853
19,35|16|20164241853
19,35|16|20164241857
19,35|16|20164241847
19,35|16|20164241851
19,35|16|20164241854
19,35|16|20164241854
19,35|16|20164241855
19,35|16|20164241857
19,35|16|20164241858
19,30|16|2016424190
19,35|16|2016424191
19,35|16|2016424192
19,35|16|2016424193
19,35|16|20164241858
19,35|16|2016424191
19,35|16|2016424192
19,35|16|2016424193
19,35|16|2016424194
19,35|16|2016424195
19,35|16|2016424196
19,35|16|2016424198
19,31|17|20164241912
19,35|17|20164241913
20,35|17|2016424198
20,35|17|20164241913
19,35|16|2016424196
19,35|17|20164241911
20,30|17|20164241920
20,30|17|20164241920
20,35|17|20164241914
20,35|17|20164241915
20,35|17|20164241914
20,35|17|20164241914
20,35|17|20164241915
20,32|17|20164241919
20,35|17|20164241917
20,35|17|20164241917
20,35|17|20164241926
20,31|17|20164241927
20,35|17|20164241928
20,35|17|20164241929
20,35|17|20164241921
20,35|17|20164241923
20,35|17|20164241926
20,30|17|20164241927
20,35|17|20164241920
20,35|17|20164241931
20,35|17|20164241931
20,30|17|20164241929
20,32|17|20164241930
20,35|17|20164241930
20,33|17|20164241932
20,32|17|20164241933
20,35|17|20164241934
20,31|17|20164241932
20,33|17|20164241934
20,35|17|20164241937
20,35|17|20164241937
20,30|17|20164241936
20,31|17|20164241939
20,35|17|20164241945
20,35|17|20164241936
20,35|17|20164241939
20,35|17|20164241940
20,35|17|20164241944
20,35|17|20164241945
20,35|17|20164241947
20,35|17|20164241953
20,35|17|20164241954
20,35|17|20164241946
20,35|17|20164241947
20,35|17|20164241949
20,35|17|20164241953
20,35|17|20164241954
20,35|17|20164241955
20,33|17|20164241957
20,33|17|20164241957
20,35|17|20164241955
20,31|17|20164241956
20,35|18|2016424201
20,33|18|2016424202
20,33|18|2016424203
20,35|17|20164241958
20,35|18|2016424202
20,32|18|2016424203
20,35|18|2016424207
20,35|18|2016424209
20,35|18|2016424205
20,35|18|2016424207
20,35|18|2016424208
20,35|18|20164242010
20,35|18|20164242010
20,33|18|2016424204
20,31|18|2016424204
20,35|18|20164242013
20,35|18|20164242016
20,35|18|20164242019
20,35|18|20164242013
20,35|18|20164242013
20,35|18|20164242017
20,35|18|20164242017
20,35|18|20164242019
20,35|18|20164242021
20,35|18|20164242029
20,35|18|20164242029
20,35|18|20164242023
20,35|18|20164242023
20,35|18|20164242024
20,35|18|20164242026
20,35|18|20164242026
20,35|18|20164242027
20,35|18|20164242022
20,35|18|20164242027
20,33|18|20164242030
20,35|18|20164242030
20,35|18|20164242030
20,35|20|20164242034
20,35|20|20164242034
20,35|18|20164242031
20,35|18|20164242032
20,35|18|20164242031
20,35|20|20164242031
20,30|20|20164242033
20,35|20|20164242033
20,35|20|20164242035
20,35|20|20164242037
20,35|20|20164242037
20,35|20|20164242039
20,35|20|20164242039
20,35|20|20164242036
20,35|20|20164242037
20,35|20|20164242038
20,35|20|20164242038
20,35|20|20164242036
20,35|20|20164242039
20,35|20|20164242035
20,35|20|20164242042
20,35|20|20164242042
20,35|20|20164242047
20,35|20|20164242047
20,35|20|20164242040
20,35|20|20164242043
20,35|20|20164242041
20,35|20|20164242042
20,35|20|20164242044
20,32|20|20164242046
20,32|20|20164242048
20,33|20|20164242053
20,33|20|20164242053
21,32|20|20164242052
20,32|20|20164242048
20,35|20|20164242049
20,35|20|20164242049
20,35|20|20164242050
20,33|20|20164242050
20,30|20|20164242050
20,35|20|20164242051
21,34|20|20164242057
21,34|20|20164242057
21,34|20|2016424211
21,34|20|20164242054
21,29|20|20164242054
21,34|20|20164242055
21,34|20|20164242056
21,29|20|20164242056
21,34|20|20164242059
21,34|20|20164242059
21,34|20|2016424213
21,34|20|2016424216
21,34|20|2016424217
21,34|20|2016424218
21,34|20|2016424218
21,31|20|20164242111
21,34|20|2016424216
21,32|20|2016424219
20,35|20|2016424215
21,34|20|20164242111
21,34|20|20164242111
21,34|20|20164242111
21,34|20|20164242215
20,35|20|20164242215
21,34|18|20164242215
21,31|18|20164242215
21,34|18|20164242215
21,34|18|20164242215
21,34|18|20164242215
21,34|18|20164242215
21,34|18|20164242215
21,34|18|20164242215
20,35|20|20164242215
20,35|20|20164242215
20,33|18|20164242215
20,35|18|20164242215
20,35|18|20164242215
21,34|18|20164242215
21,34|18|20164242215
21,30|18|20164242215
21,34|18|20164242215
20,33|18|20164242216
20,32|18|20164242217
20,32|18|20164242217
20,35|18|20164242218
21,34|18|20164242220
21,34|14|2016424356
21,34|14|2016424357
21,34|14|2016424357
21,34|14|2016424358
21,34|14|201642440
21,32|14|201642440
21,34|14|201642441
21,34|14|201642441
21,34|14|201642442
21,34|14|201642443
21,34|14|201642444
21,34|14|201642444
21,34|14|201642444
21,34|14|201642444
21,34|14|201642447
21,34|14|201642447
21,34|14|201642447
21,34|14|201642449
21,34|14|2016424410
21,34|14|2016424411
21,34|14|2016424412
21,34|14|2016424414
21,34|14|2016424414
21,34|14|2016424414
21,34|14|2016424414
21,34|14|2016424417
21,34|14|2016424417
21,34|14|2016424417
21,34|14|2016424419
21,34|13|2016424420
21,30|13|2016424422
21,31|13|2016424422
21,34|13|2016424423
21,34|13|2016424423
21,34|13|2016424425
21,34|13|2016424428
21,34|13|2016424429
21,34|13|2016424430
21,31|16|2016424341
21,34|16|2016424334
21,34|16|2016424341
21,34|15|2016424343
21,34|15|2016424344
21,34|15|2016424344
21,34|15|2016424344
21,34|15|2016424345
21,34|15|2016424345
21,34|15|2016424346
21,34|15|2016424346
21,34|15|2016424347
21,34|15|2016424347
21,34|15|2016424348
21,34|15|2016424349
21,34|13|2016424349
21,34|15|2016424350
21,32|15|2016424351
21,34|13|2016424353
21,34|13|2016424353
21,34|13|2016424354
21,34|13|2016424355
21,34|14|2016424355
20,35|16|2016424316
20,35|16|2016424317
20,35|16|2016424318
20,35|16|2016424318
20,35|16|2016424318
20,35|16|2016424319
20,35|16|2016424319
20,35|16|2016424319
20,35|16|2016424321
20,35|16|2016424322
20,35|16|2016424322
20,35|16|2016424322
20,35|16|2016424323
20,35|16|2016424323
20,35|16|2016424323
20,35|16|2016424325
20,35|16|2016424325
20,35|16|2016424326
20,33|16|2016424326
20,35|16|2016424327
20,35|16|2016424328
20,35|16|2016424329
20,35|16|2016424329
20,35|16|2016424331
20,35|16|2016424331
20,35|16|2016424332
20,35|16|2016424333
21,34|19|201642411
21,34|19|201642413
21,31|20|2016424050
21,34|20|2016424052
21,34|20|2016424053
21,34|20|2016424053
21,34|20|2016424054
21,34|20|2016424055
21,34|20|2016424056
21,34|20|2016424059
21,34|19|201642417
21,34|19|201642419
21,34|19|2016424115
21,34|19|2016424118
21,32|19|2016424110
21,32|19|2016424117
21,34|19|201642414
21,32|19|2016424121
21,31|19|2016424119
21,32|13|2016424432
21,30|13|2016424432
21,32|13|2016424432
21,34|19|2016424126
21,31|13|2016424433
21,34|19|2016424123
21,29|19|2016424125
20,35|16|2016424314
21,31|13|2016424436
21,31|13|2016424436
21,31|13|2016424435
21,31|13|2016424435
21,32|13|2016424434
21,32|13|2016424435
21,34|13|2016424433
21,32|13|2016424434
21,32|13|2016424435
21,30|13|2016424436
21,34|13|2016424437
21,34|13|2016424440
21,31|13|2016424442
21,30|13|2016424443
21,34|13|2016424445
21,32|13|2016424439
21,30|13|2016424440
21,34|13|2016424441
21,34|13|2016424442
21,32|13|2016424443
21,34|13|2016424446
21,34|13|2016424447
21,34|13|2016424448
21,34|13|2016424450
21,34|13|2016424446
21,34|13|2016424446
21,34|13|2016424447
21,34|13|2016424447
21,34|13|2016424448
21,34|13|2016424451
21,34|13|2016424453
21,34|13|2016424458
21,34|13|201642450
21,34|13|2016424454
21,32|13|2016424455
21,34|13|2016424456
21,34|13|2016424457
21,34|13|201642450
21,32|13|201642451
21,34|13|201642453
21,34|13|201642453
21,34|13|201642456
21,34|13|201642455
21,34|13|201642451
21,32|13|201642452
21,34|13|201642454
21,34|13|201642454
21,34|13|2016424511
21,34|13|2016424511
21,34|13|201642458
21,34|13|2016424510
21,34|13|2016424514
21,30|13|2016424515
21,34|13|201642457
21,34|13|2016424512
21,34|13|2016424514
21,31|13|2016424516
21,34|13|2016424520
21,34|13|2016424516
21,34|13|2016424517
21,34|13|2016424517
21,34|13|2016424518
21,34|13|2016424519
21,34|13|2016424520
21,34|13|2016424521
21,34|13|2016424521
21,34|13|2016424521
21,34|13|2016424521
21,34|13|2016424524
21,30|13|2016424526
21,34|13|2016424528
21,34|13|2016424523
21,34|13|2016424524
21,34|13|2016424525
21,34|13|2016424527
21,34|13|2016424528
20,35|13|2016424530
20,35|13|2016424530
21,30|13|2016424536
20,35|13|2016424531
20,35|13|2016424533
20,35|13|2016424533
20,35|13|2016424534
20,35|13|2016424536
21,34|13|2016424539
20,35|13|2016424535
21,34|13|2016424540
21,34|13|2016424540
21,34|13|2016424542
21,34|13|2016424542
21,34|13|2016424541
21,32|13|2016424542
21,34|13|2016424547
21,30|13|2016424543
21,34|13|2016424544
21,34|13|2016424545
21,34|13|2016424545
21,34|13|2016424547
21,34|13|2016424548
21,34|13|2016424549
21,34|13|2016424550
21,34|13|2016424551
21,34|13|2016424552
21,32|13|2016424552
21,34|13|2016424553
21,34|13|2016424553
20,35|13|201642461
20,35|13|201642461
21,34|13|2016424559
21,34|13|2016424559
20,35|13|201642460
21,34|13|2016424554
21,34|13|2016424555
21,34|13|2016424558
21,34|13|2016424558
20,35|13|2016424559
20,35|13|201642462
20,35|13|201642463
20,35|13|201642463
20,35|13|201642463
20,35|13|201642466
20,35|13|201642468
20,35|13|201642465
20,35|13|201642465
20,35|13|201642467
20,35|13|201642468
20,35|13|201642469
20,35|13|2016424612
20,35|13|2016424614
20,35|13|2016424611
20,35|13|2016424612
20,35|13|2016424614
20,35|13|2016424614
20,35|13|2016424617
20,35|13|2016424617
20,35|13|2016424613
20,35|13|2016424618
20,35|13|2016424618
20,35|13|2016424619
20,35|13|2016424623
20,35|13|2016424625
20,35|13|2016424627
20,33|13|2016424629
20,35|13|2016424622
20,35|13|2016424629
20,35|13|2016424630
20,35|13|2016424636
20,35|13|2016424636
20,32|13|2016424630
20,35|13|2016424633
20,30|13|2016424637
20,35|13|2016424638
20,30|13|2016424630
20,33|13|2016424633
20,35|13|2016424635
20,35|13|2016424635
20,30|13|2016424645
20,35|13|2016424646
20,35|13|2016424639
20,35|13|2016424641
20,35|13|2016424641
20,32|13|2016424645
20,35|13|2016424647
20,35|13|2016424647
20,30|13|2016424648
20,35|13|2016424651
20,35|13|2016424653
20,35|13|2016424649
20,35|13|2016424649
20,35|13|2016424651
20,35|13|2016424651
20,31|13|2016424652
20,35|13|2016424655
20,35|12|2016424656
20,35|12|2016424657
20,35|12|2016424657
20,35|12|201642470
20,35|12|201642470
20,35|12|201642471
20,35|12|201642472
20,35|12|2016424659
20,35|12|2016424659
20,35|12|2016424659
20,35|12|201642470
20,35|12|201642473
20,35|12|2016424713
20,35|12|2016424713
20,35|12|201642476
20,35|12|201642476
20,35|12|201642475
20,35|12|201642476
20,35|12|201642478
20,35|12|201642479
20,35|12|2016424717
20,35|12|201642474
20,35|12|2016424720
20,35|12|2016424720
20,35|12|2016424717
20,35|12|2016424719
20,35|12|2016424721
20,35|12|2016424722
20,35|12|2016424718
20,35|12|2016424719
20,35|12|2016424721
20,35|12|2016424722
20,35|12|2016424725
20,35|12|2016424725
20,35|12|2016424725
20,35|12|2016424727
20,35|12|2016424727
20,35|12|2016424728
20,35|12|2016424729
20,35|12|2016424724
20,35|12|2016424726
20,35|12|2016424728
20,35|12|2016424730
20,35|12|2016424730
20,35|12|2016424732
20,30|12|2016424732
20,35|11|2016424736
20,35|11|2016424737
20,35|11|2016424738
20,35|11|2016424738
20,35|11|2016424735
20,31|11|2016424746
20,35|11|2016424742
20,35|11|2016424743
20,35|11|2016424744
20,35|11|2016424744
20,35|11|2016424745
20,33|11|2016424746
20,30|11|2016424747
20,32|11|2016424747
20,35|11|2016424747
20,35|11|2016424747
20,35|11|2016424748
20,35|11|2016424748
20,35|11|2016424749
20,35|11|2016424753
20,35|11|2016424754
20,35|11|2016424750
20,35|11|2016424752
20,35|11|2016424753
20,35|11|2016424753
18,33|13|20164241557
18,36|13|20164241558
18,36|13|20164241558
18,36|13|2016424160
18,36|13|2016424160
18,36|13|2016424161
18,36|13|2016424161
18,36|13|2016424163
18,36|13|2016424163
18,36|13|2016424163
18,36|13|2016424164
18,36|13|2016424164
18,36|13|2016424166
18,36|13|2016424167
18,36|13|2016424168
18,31|13|2016424168
18,36|13|2016424169
18,36|13|2016424169
18,36|13|20164241610
18,36|13|20164241610
18,31|13|20164241611
18,36|13|20164241613
18,33|13|20164241614
18,36|14|20164241616
18,36|14|20164241617
18,36|14|20164241617
19,32|14|20164241618
18,36|14|20164241619
18,36|14|20164241621
18,36|14|20164241621
18,36|14|20164241622
18,36|14|20164241623
18,31|14|20164241624
18,36|14|20164241624
18,36|14|20164241627
18,34|14|20164241629
18,34|14|20164241629
18,36|13|20164241630
18,36|13|20164241631
18,33|13|20164241632
18,34|13|20164241633
18,32|13|20164241633
18,36|13|20164241634
18,33|13|20164241635
18,36|13|20164241635
18,36|13|20164241636
18,33|13|20164241638
18,36|13|20164241638
18,36|13|20164241638
18,36|13|20164241638
18,36|13|20164241641
18,36|13|20164241641
18,31|13|20164241644
18,32|13|20164241645
18,36|13|20164241645
18,36|13|20164241647
18,36|13|20164241648
18,36|13|20164241648
18,36|13|20164241648
18,33|13|20164241649
18,36|13|20164241650
18,36|13|20164241651
18,36|13|20164241651
18,32|15|20164241653
18,36|13|20164241653
18,36|15|20164241654
18,36|15|20164241654
18,36|15|20164241655
18,36|15|20164241656
18,36|15|20164241657
18,36|13|20164241658
18,36|15|20164241659
18,34|15|2016424170
18,36|15|2016424170
18,36|15|2016424171
18,34|15|2016424171
18,32|15|2016424172
18,34|15|2016424172
18,32|15|2016424173
18,32|15|2016424173
18,34|15|2016424174
18,36|15|2016424174
18,36|15|2016424175
18,36|15|2016424176
18,36|15|2016424176
18,36|15|2016424176
18,33|15|2016424177
18,36|15|2016424178
18,36|15|2016424178
18,36|15|20164241712
18,36|15|20164241712
18,36|15|20164241712
18,36|15|20164241712
18,33|15|20164241713
18,36|15|20164241715
18,36|15|20164241729
18,36|15|20164241729
18,36|15|20164241729
18,34|15|20164241729
18,36|15|20164241729
18,31|15|20164241729
18,36|15|20164241729
18,36|15|20164241729
18,36|15|20164241729
18,36|15|20164241729
18,36|15|20164241729
18,36|15|20164241729
18,33|15|20164241729
18,36|15|20164241729
18,36|15|20164241729
18,36|15|20164241729
18,36|15|20164241729
20,33|11|2016424756
20,33|11|2016424756
18,36|15|20164241730
20,35|11|2016424755
20,35|11|2016424757
20,35|11|2016424758
20,35|11|2016424758
20,35|11|2016424759
18,36|15|20164241735
18,36|15|20164241735
18,36|15|20164241741
18,36|15|20164241741
18,36|15|20164241738
18,36|15|20164241734
18,36|15|20164241737
19,31|15|20164241738
19,32|15|20164241738
19,35|15|20164241740
19,33|15|20164241741
19,31|15|20164241742
19,35|15|20164241743
19,33|15|20164241745
19,35|15|20164241748
18,36|15|20164241744
19,35|15|20164241745
19,31|15|20164241746
19,35|15|20164241748
19,35|15|20164241748
19,35|16|20164241752
19,30|15|20164241749
19,32|16|20164241753
18,36|16|20164241755
18,32|16|20164241755
18,33|16|20164241755
18,36|16|20164241757
18,33|16|20164241758
18,36|16|20164241759
18,33|16|2016424181
18,33|16|2016424181
18,36|16|2016424185
18,36|16|2016424185
18,36|16|2016424184
18,36|16|2016424184
18,36|16|2016424180
18,32|16|2016424185
18,36|16|2016424187
18,36|16|2016424181
18,33|16|2016424181
18,33|16|2016424188
18,33|16|2016424188
18,36|16|20164241814
18,33|16|20164241815
19,35|16|20164241817
18,36|16|20164241810
18,36|16|20164241814
19,31|16|20164241815
19,35|16|20164241816
19,35|16|20164241816
19,35|16|20164241817
19,30|16|20164241818
19,35|16|20164241821
19,35|16|20164241821
19,35|16|20164241822
19,35|16|20164241822
19,35|16|20164241823
19,30|16|20164241822
19,35|16|20164241819
19,35|16|20164241829
19,35|16|20164241829
19,30|16|20164241828
19,30|16|20164241828
19,35|16|20164241825
19,35|16|20164241825
19,35|16|20164241823
19,35|16|20164241827
19,35|16|20164241824
19,35|16|20164241828
19,35|16|20164241828
19,35|16|20164241829
19,35|16|20164241830
19,35|16|20164241833
19,30|16|20164241834
19,35|16|20164241838
19,35|16|20164241832
19,35|16|20164241837
19,35|16|20164241838
19,35|16|20164241838
19,35|16|20164241835
19,35|16|20164241840
19,35|16|20164241841
19,35|16|20164241841
19,35|16|20164241842
19,31|16|20164241844
19,35|16|20164241845
19,35|16|20164241847
19,35|16|20164241847
19,35|16|20164241850
19,35|16|20164241853
19,35|16|20164241853
19,35|16|20164241850
19,35|16|20164241851
19,35|16|20164241852
19,35|16|20164241853
19,35|16|20164241851
19,35|16|20164241852
19,35|16|20164241852
19,35|16|20164241854
19,35|16|20164241854
19,35|16|20164241854
19,35|16|20164241855
19,35|16|20164241855
19,35|16|20164241859
19,35|16|20164241859
19,35|16|20164241855
19,35|16|20164241858
19,35|16|20164241859
19,35|16|20164241855
19,35|16|20164241856
19,35|16|20164241857
19,31|16|2016424191
19,35|16|2016424192
19,35|16|2016424193
19,35|16|2016424195
19,35|16|2016424195
19,35|16|2016424196
19,31|16|2016424197
19,35|16|2016424194
19,35|16|2016424194
19,35|17|20164241911
19,35|17|20164241911
19,35|16|2016424197
19,35|17|20164241913
20,35|16|2016424197
20,35|17|2016424198
20,32|17|20164241912
19,35|17|2016424199
19,35|17|20164241911
19,33|17|20164241912
20,35|17|20164241915
20,32|17|20164241918
20,35|17|20164241915
20,35|17|20164241916
20,35|17|20164241918
20,35|17|20164241918
20,32|17|20164241919
20,35|17|20164241917
20,35|17|20164241917
20,35|17|20164241923
20,35|17|20164241923
20,35|17|20164241924
20,35|17|20164241924
20,35|17|20164241925
20,35|17|20164241925
20,30|17|20164241922
20,35|17|20164241925
20,35|17|20164241929
20,35|17|20164241921
20,35|17|20164241925
20,31|17|20164241920
20,35|17|20164241931
20,33|17|20164241932
20,33|17|20164241934
20,33|17|20164241938
20,32|17|20164241943
20,35|17|20164241936
20,35|17|20164241938
20,35|17|20164241939
20,35|17|20164241935
20,35|17|20164241948
20,35|17|20164241948
20,35|17|20164241951
20,35|17|20164241951
20,31|17|20164241944
20,35|17|20164241949
20,35|17|20164241950
20,35|17|20164241944
20,30|17|20164241944
20,35|17|20164241945
20,35|17|20164241948
20,35|17|20164241951
20,35|17|20164241951
20,33|17|20164241957
20,33|17|20164241957
20,35|17|20164241954
20,35|17|20164241951
20,35|17|20164241952
20,35|17|20164241954
20,35|17|20164241956
20,35|17|20164241958
20,35|17|2016424200
20,35|18|20164242010
20,35|18|20164242010
20,35|18|2016424206
20,35|18|2016424206
20,35|18|2016424208
20,35|17|2016424200
20,30|18|2016424205
20,35|18|2016424207
20,35|18|2016424208
20,35|18|2016424208
20,35|18|2016424209
20,30|18|20164242011
20,30|18|20164242011
20,35|18|20164242014
20,35|18|20164242014
20,35|18|20164242016
20,35|18|20164242016
20,35|18|20164242012
20,35|18|20164242013
20,35|18|20164242016
20,35|18|20164242015
20,35|18|20164242017
20,35|18|20164242018
20,35|18|20164242021
20,35|18|20164242021
20,35|18|20164242024
20,35|18|20164242024
20,35|18|20164242021
20,35|18|20164242022
20,35|18|20164242019
20,35|18|20164242024
20,35|18|20164242025
20,35|18|20164242018
20,35|18|20164242020
20,35|20|20164242037
20,35|20|20164242037
20,35|20|20164242038
20,35|20|20164242038
20,35|18|20164242032
20,35|18|20164242026
20,35|18|20164242026
20,35|18|20164242028
20,35|20|20164242039
20,35|20|20164242032
20,35|20|20164242033
20,35|20|20164242040
20,35|20|20164242041
20,35|20|20164242041
20,35|20|20164242042
20,35|20|20164242043
20,35|20|20164242045
20,32|20|20164242043
20,35|20|20164242044
20,35|20|20164242044
21,32|20|20164242052
21,32|20|20164242054
20,30|20|20164242046
20,35|20|20164242046
20,35|20|20164242047
20,35|20|20164242049
20,35|20|20164242049
20,32|20|20164242051
20,33|20|20164242052
21,34|20|2016424212
21,34|20|2016424212
21,34|20|2016424210
21,34|20|2016424211
21,34|20|2016424212
21,31|20|20164242055
21,31|20|20164242056
21,34|20|2016424211
21,34|20|2016424213
21,34|20|2016424214
21,34|20|2016424218
21,34|20|2016424218
21,34|20|2016424215
21,34|20|2016424215
21,34|20|2016424216
21,34|20|2016424216
21,32|20|2016424218
21,34|20|2016424219
21,29|20|20164242110
21,34|20|2016424217
21,34|20|20164242215
21,34|20|20164242114
20,35|20|20164242215
20,35|18|20164242215
20,35|18|20164242215
21,34|18|20164242215
21,34|18|20164242215
20,35|18|20164242215
20,35|20|20164242215
21,34|18|20164242215
21,34|18|20164242215
20,35|18|20164242215
20,35|18|20164242215
21,34|18|20164242220
22,32|14|2016424359
22,32|14|2016424359
21,34|14|201642440
21,34|14|201642441
21,34|14|201642442
21,34|14|201642443
21,34|14|201642444
21,34|14|201642445
21,34|14|201642445
21,34|14|201642448
21,34|14|201642448
21,34|14|201642449
21,34|14|201642449
21,34|14|2016424411
21,34|14|2016424412
21,34|14|2016424412
21,34|14|2016424413
21,34|14|2016424413
21,34|14|2016424417
21,34|14|2016424417
21,34|14|2016424418
21,34|14|2016424419
21,34|13|2016424421
21,34|13|2016424421
21,34|13|2016424421
21,34|13|2016424422
21,32|13|2016424423
21,32|13|2016424423
21,34|13|2016424424
21,34|13|2016424425
21,31|13|2016424426
21,34|13|2016424426
21,34|13|2016424427
21,34|13|2016424427
21,34|13|2016424428
20,35|16|2016424316
20,35|16|2016424317
20,35|16|2016424318
20,35|16|2016424320
20,35|16|2016424321
20,35|16|2016424321
20,35|16|2016424321
20,35|16|2016424321
20,35|16|2016424322
20,35|16|2016424323
20,35|16|2016424323
20,32|16|2016424324
20,35|16|2016424326
20,35|16|2016424326
20,33|16|2016424326
20,32|16|2016424327
20,35|16|2016424328
20,35|16|2016424328
20,35|16|2016424328
20,35|16|2016424328
20,35|16|2016424333
21,34|19|201642412
21,34|20|2016424050
21,34|19|201642413
21,32|20|2016424050
21,34|20|2016424051
21,34|20|2016424052
21,34|20|2016424055
21,34|20|2016424056
21,34|20|2016424057
21,34|20|2016424058
21,34|19|201642413
21,34|19|201642418
21,34|19|2016424110
21,34|19|2016424111
21,34|19|2016424116
21,34|19|2016424113
21,31|19|2016424118
21,31|19|2016424122
21,34|19|2016424121
0,30|16|2016424341
21,34|16|2016424341
21,34|16|2016424342
21,34|15|2016424342
21,34|15|2016424342
21,34|15|2016424343
21,34|15|2016424346
21,34|15|2016424347
21,34|15|2016424348
21,34|15|2016424348
21,34|15|2016424348
21,34|15|2016424349
21,34|13|2016424353
21,34|13|2016424354
21,34|13|2016424355
21,34|13|2016424355
21,34|13|2016424355
21,30|13|2016424356
21,31|13|2016424432
21,32|13|2016424432
21,31|19|2016424125
21,34|19|2016424128
21,32|19|2016424124
20,35|16|2016424313
20,35|16|2016424315
21,34|13|2016424441
21,34|13|2016424441
21,32|13|2016424434
21,32|13|2016424435
21,31|13|2016424436
21,31|13|2016424433
21,32|13|2016424434
21,34|13|2016424438
21,32|13|2016424438
21,31|13|2016424439
21,34|13|2016424449
21,34|13|2016424449
21,34|13|2016424448
21,34|13|2016424448
21,34|13|2016424449
21,34|13|2016424452
21,34|13|2016424444
21,34|13|2016424449
21,34|13|2016424451
21,34|13|2016424451
21,34|13|2016424454
21,30|13|2016424455
21,34|13|2016424456
21,34|13|2016424457
21,34|13|2016424458
21,34|13|201642450
21,34|13|2016424454
21,34|13|2016424458
21,34|13|2016424459
21,34|13|201642451
21,34|13|201642456
21,34|13|201642456
21,34|13|201642457
21,32|13|201642452
21,34|13|201642453
21,34|13|201642458
21,34|13|2016424510
21,34|13|2016424511
21,34|13|201642454
21,34|13|2016424513
21,34|13|2016424513
21,34|13|2016424511
21,34|13|2016424512
21,34|13|2016424512
21,34|13|2016424512
21,34|13|2016424515
21,34|13|2016424518
21,31|13|2016424519
21,34|13|2016424513
21,34|13|2016424522
21,34|13|2016424522
21,34|13|2016424519
21,30|13|2016424526
21,34|13|2016424522
21,34|13|2016424522
21,34|13|2016424524
21,34|13|2016424524
21,34|13|2016424526
21,31|13|2016424527
20,35|13|2016424530
20,35|13|2016424530
20,35|13|2016424536
20,35|13|2016424536
20,35|13|2016424531
20,35|13|2016424533
21,34|13|2016424529
20,35|13|2016424532
20,35|13|2016424534
20,35|13|2016424534
20,35|13|2016424536
21,34|13|2016424541
21,34|13|2016424541
21,34|13|2016424541
21,34|13|2016424541
21,31|13|2016424540
21,34|13|2016424543
21,34|13|2016424537
21,34|13|2016424538
21,34|13|2016424538
21,34|13|2016424539
21,30|13|2016424543
21,34|13|2016424546
21,31|13|2016424551
21,34|13|2016424552
21,34|13|2016424544
21,34|13|2016424546
21,34|13|2016424547
21,34|13|2016424547
21,34|13|2016424549
21,30|13|2016424550
21,34|13|2016424557
21,34|13|2016424557
21,34|13|2016424555
21,34|13|2016424555
20,35|13|201642460
21,34|13|2016424552
21,34|13|2016424556
21,34|13|2016424557
21,34|13|2016424557
20,35|13|2016424559
20,35|13|201642460
20,35|13|201642461
20,35|13|201642461
20,35|13|201642462
20,35|13|201642468
20,35|13|201642462
20,35|13|201642466
20,35|13|201642467
20,35|13|201642468
20,35|13|2016424610
20,35|13|2016424611
20,35|13|2016424620
20,35|13|2016424620
20,35|13|2016424612
20,35|13|2016424615
20,35|13|2016424617
20,35|13|2016424611
20,35|13|2016424612
20,35|13|2016424616
20,35|13|2016424616
20,35|13|2016424613
20,35|13|2016424622
20,35|13|2016424622
20,35|13|2016424621
20,35|13|2016424621
20,35|13|2016424622
20,35|13|2016424622
20,35|13|2016424622
20,35|13|2016424623
20,35|13|2016424623
20,35|13|2016424624
20,35|13|2016424627
20,35|13|2016424629
20,35|13|2016424632
20,35|13|2016424624
20,35|13|2016424625
20,35|13|2016424627
20,31|13|2016424632
20,35|13|2016424635
20,35|13|2016424639
20,35|13|2016424639
20,32|13|2016424637
20,32|13|2016424637
20,35|13|2016424638
20,35|13|2016424641
20,35|13|2016424640
20,35|13|2016424641
20,35|13|2016424642
20,35|13|2016424643
20,35|13|2016424643
20,35|13|2016424643
20,35|13|2016424646
20,35|13|2016424648
20,35|13|2016424649
20,32|13|2016424652
20,32|13|2016424645
20,35|13|2016424649
20,32|13|2016424650
20,31|13|2016424650
20,35|13|2016424653
20,35|13|2016424654
20,35|13|2016424654
20,35|13|2016424654
20,35|12|2016424655
20,35|12|2016424656
20,35|12|2016424657
20,35|12|2016424658
20,35|12|201642470
20,35|12|2016424717
20,35|12|2016424717
20,35|12|201642471
20,35|12|201642471
20,35|12|201642471
20,35|12|201642472
20,35|12|201642475
20,35|12|201642478
20,35|12|201642471
20,35|12|201642476
20,35|12|201642477
20,35|12|2016424723
20,35|12|2016424723
20,35|12|2016424718
20,35|12|2016424719
20,35|12|2016424721
20,35|12|2016424724
20,35|12|2016424726
20,35|12|2016424718
20,35|12|2016424719
20,35|12|2016424722
20,35|12|2016424730
20,35|12|2016424731
20,35|11|2016424734
20,35|12|2016424726
20,35|12|2016424728
20,35|12|2016424730
20,35|12|2016424731
20,30|12|2016424732
20,35|12|2016424734
20,35|11|2016424736
20,35|11|2016424737
20,35|11|2016424739
20,35|11|2016424736
20,35|11|2016424737
20,35|11|2016424738
20,35|11|2016424738
20,35|11|2016424740
20,35|11|2016424735
20,35|11|2016424749
20,35|11|2016424749
20,35|11|2016424750
20,35|11|2016424750
20,35|11|2016424743
20,35|11|2016424748
20,35|11|2016424740
20,35|11|2016424741
20,35|11|2016424744
20,32|11|2016424747
20,35|11|2016424750
20,35|11|2016424750
20,35|11|2016424751
20,35|11|2016424753
20,35|11|2016424755
20,30|11|2016424756
20,35|11|2016424752
20,35|11|2016424755
20,35|11|2016424757
20,35|11|2016424758
18,36|13|20164241558
18,36|13|2016424162
18,36|13|2016424163
18,36|13|2016424165
18,36|13|2016424165
18,33|13|2016424166
18,36|13|2016424167
18,36|13|2016424168
18,36|13|2016424169
18,36|13|20164241610
18,36|13|20164241610
18,36|13|20164241610
18,33|13|20164241611
18,36|13|20164241612
18,36|13|20164241612
18,36|13|20164241612
18,36|13|20164241612
18,36|13|20164241613
18,31|13|20164241613
18,36|13|20164241614
18,36|14|20164241615
18,36|14|20164241615
18,36|14|20164241617
18,31|14|20164241618
18,31|14|20164241618
19,32|14|20164241618
18,36|14|20164241619
18,36|14|20164241619
18,36|14|20164241619
18,36|14|20164241620
18,36|14|20164241620
18,33|14|20164241620
18,36|14|20164241621
18,36|14|20164241622
18,36|14|20164241623
18,36|14|20164241623
18,31|14|20164241624
18,36|14|20164241625
18,36|14|20164241625
18,36|14|20164241626
18,36|14|20164241627
18,36|14|20164241627
18,31|14|20164241627
18,33|14|20164241628
18,33|14|20164241628
18,34|14|20164241628
18,36|14|20164241629
18,36|14|20164241629
18,36|14|20164241629
18,36|14|20164241630
18,31|13|20164241631
18,36|13|20164241632
18,36|13|20164241633
18,36|13|20164241634
18,36|13|20164241634
18,36|13|20164241635
18,36|13|20164241636
18,36|13|20164241637
18,36|13|20164241637
18,31|13|20164241637
18,33|13|20164241638
18,36|13|20164241638
18,36|13|20164241640
18,33|13|20164241640
18,33|13|20164241640
18,36|13|20164241641
18,36|13|20164241643
18,36|13|20164241643
18,32|13|20164241645
18,36|13|20164241646
18,33|13|20164241647
18,36|13|20164241647
18,36|13|20164241648
18,36|13|20164241649
18,31|13|20164241650
18,36|13|20164241650
18,36|13|20164241652
18,36|15|20164241652
18,36|15|20164241654
18,36|15|20164241655
18,36|15|20164241657
18,36|13|20164241657
18,34|13|20164241657
18,36|13|20164241658
18,36|15|20164241659
18,32|15|2016424172
18,36|15|2016424174
18,36|15|2016424176
18,36|15|2016424176
18,36|15|2016424177
19,35|15|2016424179
19,33|15|2016424179
19,33|15|20164241710
19,33|15|20164241710
19,33|15|20164241710
19,35|15|20164241711
18,33|15|20164241711
18,33|15|20164241711
18,36|15|20164241714
18,34|15|20164241714
18,33|15|20164241715
18,33|15|20164241729
18,36|15|20164241729
18,33|15|20164241715
18,33|15|20164241729
18,36|15|20164241729
18,36|15|20164241729
18,33|15|20164241729
18,36|15|20164241729
18,36|15|20164241729
18,36|15|20164241729
18,36|15|20164241729
18,34|15|20164241729
18,32|15|20164241729
18,36|15|20164241729
18,36|15|20164241729
18,36|15|20164241729
18,36|15|20164241729
18,36|15|20164241729
18,34|15|20164241731
19,35|15|20164241732
20,30|11|2016424759
18,32|15|20164241730
18,33|15|20164241731
18,36|15|20164241732
18,36|15|20164241733
19,30|15|20164241735
19,33|15|20164241737
18,36|15|20164241734
19,31|15|20164241736
18,36|15|20164241737
19,35|15|20164241740
18,36|15|20164241743
18,36|15|20164241736
18,36|15|20164241736
18,36|15|20164241744
19,35|15|20164241743
19,35|15|20164241745
19,31|15|20164241746
19,35|15|20164241747
19,35|16|20164241751
19,32|16|20164241752
18,36|16|20164241752
19,31|16|20164241753
18,36|16|2016424182
18,36|16|2016424182
18,36|16|20164241754
18,36|16|20164241754
18,36|16|20164241757
18,36|16|20164241759
18,36|16|20164241759
18,33|16|2016424181
18,36|16|2016424182
18,36|16|2016424182
18,33|16|2016424184
18,33|16|2016424184
18,32|16|2016424183
18,32|16|2016424185
18,32|16|2016424188
18,36|16|2016424185
18,36|16|2016424186
18,36|16|2016424187
18,33|16|2016424188
18,36|16|2016424189
18,36|16|20164241814
18,36|16|20164241814
18,36|16|2016424189
18,36|16|20164241810
18,36|16|20164241811
19,35|16|20164241817
18,36|16|20164241810
18,36|16|20164241811
18,33|16|20164241812
18,36|16|20164241816
19,35|16|20164241820
19,35|16|20164241820
19,35|16|20164241818
19,35|16|20164241821
19,31|16|20164241822
19,35|16|20164241823
19,35|16|20164241824
19,35|16|20164241824
19,35|16|20164241825
19,35|16|20164241826
19,35|16|20164241831
19,35|16|20164241831
19,31|16|20164241835
19,31|16|20164241835
19,31|16|20164241839
19,31|16|20164241839
19,35|16|20164241830
19,35|16|20164241831
19,35|16|20164241832
19,35|16|20164241838
19,35|16|20164241835
19,35|16|20164241835
19,35|16|20164241840
19,35|16|20164241840
19,35|16|20164241847
19,35|16|20164241841
19,35|16|20164241843
19,31|16|20164241844
19,35|16|20164241845
19,35|16|20164241845
19,35|16|20164241846
19,35|16|20164241847
19,35|16|20164241849
19,35|16|20164241849
19,35|16|20164241848
19,35|16|20164241849
19,35|16|20164241851
19,35|16|20164241848
19,35|16|20164241848
19,35|16|20164241850
19,35|16|20164241850
19,35|16|20164241852
19,35|16|20164241856
19,35|16|20164241856
19,35|16|20164241853
19,35|16|20164241856
19,35|16|2016424193
19,35|16|20164241852
19,35|16|20164241858
19,35|16|20164241859
19,35|16|2016424190
19,35|16|2016424193
19,30|16|2016424196
19,35|16|2016424198
19,35|17|2016424198
19,35|17|20164241910
19,35|17|20164241910
20,35|16|2016424197
20,35|17|20164241911
19,35|16|2016424196
19,35|17|20164241910
20,35|17|20164241914
20,35|17|20164241921
20,35|17|20164241914
20,35|17|20164241915
20,35|17|20164241916
20,32|17|20164241919
20,35|17|20164241921
19,33|17|20164241912
20,35|17|20164241920
20,31|17|20164241922
20,31|17|20164241922
20,30|17|20164241924
20,32|17|20164241926
20,35|17|20164241926
20,31|17|20164241927
20,35|17|20164241928
20,35|17|20164241923
20,35|17|20164241926
20,35|17|20164241930
20,35|17|20164241933
20,35|17|20164241933
20,30|17|20164241932
20,33|17|20164241938
20,31|17|20164241939
20,33|17|20164241934
20,32|17|20164241935
20,30|17|20164241939
20,30|17|20164241943
20,35|17|20164241935
20,35|17|20164241950
20,35|17|20164241945
20,35|17|20164241947
20,35|17|20164241948
20,35|17|20164241948
20,35|17|20164241949
20,35|17|20164241950
20,35|17|20164241952
20,35|17|20164241953
20,35|17|20164241955
20,35|17|20164241955
20,31|18|2016424201
20,31|18|2016424201
20,33|17|20164241956
20,33|17|20164241956
20,35|17|20164241955
20,30|17|20164241959
20,35|17|20164241953
20,31|17|20164241959
20,35|18|2016424202
20,35|18|2016424202
20,33|18|2016424202
20,30|18|2016424206
20,30|18|2016424206
20,35|18|2016424208
20,30|18|2016424205
20,35|18|2016424206
20,35|18|2016424208
20,35|18|2016424209
20,35|18|2016424204
20,35|18|20164242017
20,35|18|20164242017
20,35|18|20164242012
20,35|18|20164242012
20,33|18|20164242014
20,33|18|20164242014
20,31|18|20164242014
20,35|18|20164242015
20,35|18|20164242010
20,35|18|20164242010
20,35|18|20164242015
20,35|18|20164242015
20,35|18|20164242021
20,35|18|20164242024
20,35|18|20164242025
20,35|18|20164242026
20,35|18|20164242027
20,35|18|20164242027
20,33|18|20164242029
20,35|18|20164242019
20,35|18|20164242019
20,35|18|20164242031
20,35|18|20164242032
20,35|20|20164242033
20,30|20|20164242033
20,35|20|20164242037
20,35|20|20164242038
20,32|20|20164242034
20,35|20|20164242035
20,35|20|20164242035
20,31|20|20164242048
20,31|20|20164242048
20,35|20|20164242040
20,31|20|20164242043
20,35|20|20164242041
20,32|20|20164242043
20,35|20|20164242044
20,35|20|20164242046
20,35|20|20164242047
20,30|20|20164242047
21,34|20|20164242053
21,34|20|20164242053
21,34|20|20164242055
21,34|20|20164242055
21,34|20|20164242058
21,34|20|20164242059
20,32|20|20164242051
20,35|20|20164242051
20,35|20|20164242051
21,34|20|20164242113
21,34|20|20164242114
21,34|20|20164242215
21,34|20|20164242215
21,34|20|20164242215
20,35|20|20164242215
21,34|20|20164242215
21,34|20|20164242215
20,35|20|20164242215
20,35|20|20164242215
20,35|20|20164242215
20,35|18|20164242215
21,34|18|20164242215
21,34|18|20164242215
20,35|18|20164242215
20,35|18|20164242215
21,34|18|20164242215
20,35|18|20164242215
20,35|18|20164242215
20,35|20|20164242215
20,35|20|20164242215
21,34|20|20164242215
20,35|18|20164242215
20,35|18|20164242215
21,34|18|20164242215
20,35|18|20164242215
21,34|18|20164242215
21,34|18|20164242215
20,35|18|20164242215
21,34|20|2016424210
21,34|20|2016424210
21,34|20|2016424211
21,34|20|2016424213
21,34|20|2016424210
21,34|20|2016424213
21,34|20|2016424217
21,34|20|20164242110
21,34|20|2016424214
21,32|14|2016424358
21,34|14|2016424359
21,34|14|201642440
21,34|14|201642442
21,34|14|201642442
21,34|14|201642442
21,34|14|201642445
21,34|14|201642445
21,34|14|201642446
21,34|14|201642446
21,34|14|201642446
21,34|14|201642448
21,34|14|201642448
21,34|14|201642449
21,34|14|201642449
21,34|14|2016424411
21,34|14|2016424412
21,34|14|2016424413
21,34|14|2016424413
21,34|14|2016424413
21,34|14|2016424414
21,34|14|2016424415
21,34|14|2016424416
21,34|14|2016424416
21,34|14|2016424416
21,34|14|2016424417
21,34|14|2016424420
21,34|13|2016424420
21,31|13|2016424422
21,34|13|2016424423
21,32|13|2016424424
21,32|13|2016424424
21,31|13|2016424426
21,34|13|2016424427
21,34|13|2016424427
21,34|13|2016424429
21,34|13|2016424430
21,34|13|2016424430
21,34|13|2016424430
21,34|19|201642416
21,34|19|201642416
21,34|19|201642416
22,34|20|2016424049
21,34|20|2016424054
21,34|20|2016424054
21,32|20|2016424055
21,32|20|2016424057
21,34|20|2016424058
21,34|20|201642410
21,34|19|201642417
21,31|19|2016424111
21,34|19|2016424112
21,30|19|2016424114
21,32|19|2016424117
21,34|19|2016424111
21,30|19|2016424112
21,31|19|2016424114
21,34|19|2016424116
21,31|19|2016424123
21,34|19|2016424127
20,35|16|2016424313
21,32|19|2016424122
21,34|19|2016424126
21,34|19|2016424127
20,35|16|2016424314
20,35|16|2016424314
21,30|19|2016424119
20,35|16|2016424316
20,35|16|2016424316
20,35|16|2016424319
20,35|16|2016424320
20,35|16|2016424320
20,35|16|2016424320
20,35|16|2016424322
20,31|16|2016424324
20,32|16|2016424324
20,35|16|2016424325
20,35|16|2016424325
20,35|16|2016424325
20,35|16|2016424329
20,35|16|2016424329
20,33|16|2016424330
20,35|16|2016424331
20,35|16|2016424332
20,35|16|2016424332
20,35|16|2016424333
21,34|16|2016424341
21,34|15|2016424343
21,34|15|2016424344
21,34|15|2016424345
21,34|15|2016424345
21,34|15|2016424346
21,34|15|2016424348
21,34|15|2016424350
21,32|15|2016424351
21,31|15|2016424352
21,34|13|2016424353
21,30|13|2016424356
21,32|13|2016424431
21,32|13|2016424432
21,32|13|2016424431
21,30|13|2016424432
21,34|13|2016424433
21,34|13|2016424433
20,35|16|2016424314
20,35|16|2016424315
20,31|16|2016424315
21,34|13|2016424434
21,34|13|2016424438
21,34|13|2016424438
21,34|13|2016424441
21,31|13|2016424442
21,30|13|2016424443
21,34|13|2016424437
21,34|13|2016424437
21,32|13|2016424439
21,34|13|2016424441
21,31|13|2016424444
21,34|13|2016424444
21,34|13|2016424445
21,34|13|2016424446
21,34|13|2016424447
21,34|13|2016424448
21,34|13|2016424444
21,32|13|2016424445
21,31|13|2016424445
21,34|13|2016424449
21,34|13|2016424450
21,34|13|2016424454
21,30|13|2016424455
21,34|13|2016424450
21,34|13|2016424451
21,30|13|2016424452
21,31|13|2016424452
21,34|13|2016424453
21,34|13|2016424455
21,31|13|201642452
21,31|13|201642452
21,31|13|201642452
21,31|13|201642452
21,34|13|2016424457
21,34|13|2016424457
21,34|13|2016424456
21,32|13|201642451
21,34|13|2016424456
21,34|13|2016424459
21,34|13|201642451
21,34|13|201642453
21,34|13|201642454
21,34|13|201642454
21,34|13|201642455
21,34|13|201642456
21,34|13|201642457
21,34|13|201642458
21,34|13|201642455
21,34|13|201642457
21,34|13|201642459
21,34|13|201642454
21,34|13|201642459
21,34|13|201642459
21,34|13|2016424512
21,34|13|201642459
21,34|13|2016424510
21,34|13|2016424510
21,34|13|2016424512
21,34|13|2016424514
21,34|13|2016424516
21,34|13|2016424513
21,34|13|2016424516
21,30|13|2016424518
21,34|13|2016424519
21,34|13|2016424517
21,31|13|2016424519
21,34|13|2016424520
21,34|13|2016424523
21,34|13|2016424521
21,34|13|2016424521
21,34|13|2016424526
21,34|13|2016424526
21,34|13|2016424523
21,34|13|2016424524
21,34|13|2016424525
21,34|13|2016424528
21,34|13|2016424523
21,34|13|2016424525
21,34|13|2016424528
21,34|13|2016424528
20,35|13|2016424530
20,35|13|2016424530
21,31|13|2016424537
21,31|13|2016424537
20,35|13|2016424534
21,30|13|2016424536
21,34|13|2016424529
21,34|13|2016424529
20,35|13|2016424532
20,35|13|2016424533
20,35|13|2016424535
21,30|13|2016424540
21,30|13|2016424540
21,34|13|2016424537
21,34|13|2016424538
21,34|13|2016424539
21,31|13|2016424540
21,32|13|2016424542
21,34|13|2016424538
21,34|13|2016424538
21,34|13|2016424542
21,34|13|2016424543
21,34|13|2016424549
21,34|13|2016424543
21,34|13|2016424545
21,34|13|2016424546
21,34|13|2016424548
21,34|13|2016424549
21,34|13|2016424550
21,32|13|2016424552
20,35|13|201642460
20,35|13|201642460
21,34|13|2016424555
21,34|13|2016424555
21,34|13|2016424556
21,34|13|2016424556
21,34|13|2016424553
21,34|13|2016424556
21,34|13|2016424558
21,34|13|2016424558
20,35|13|2016424559
20,35|13|2016424559
20,35|13|201642467
20,35|13|201642467
20,35|13|201642464
20,35|13|201642464
20,35|13|201642464
20,35|13|201642464
20,35|13|201642461
20,35|13|201642465
20,35|13|201642466
20,35|13|201642462
20,35|13|201642467
20,35|13|201642466
20,35|13|2016424618
20,35|13|2016424618
20,35|13|2016424615
20,35|13|2016424616
20,35|13|201642468
20,35|13|2016424610
20,35|13|2016424612
20,35|13|2016424615
20,35|13|2016424616
20,35|13|2016424613
20,35|13|2016424621
20,35|13|2016424621
20,35|13|2016424620
20,35|13|2016424620
20,35|13|2016424619
20,35|13|2016424624
20,35|13|2016424618
20,35|13|2016424619
20,35|13|2016424619
20,35|13|2016424621
20,35|13|2016424624
20,35|13|2016424626
20,35|13|2016424626
20,35|13|2016424628
20,33|13|2016424629
20,35|13|2016424625
20,35|13|2016424627
20,35|13|2016424627
20,35|13|2016424628
20,35|13|2016424631
20,35|13|2016424633
20,31|13|2016424634
20,31|13|2016424634
20,33|13|2016424637
20,33|13|2016424637
20,35|13|2016424640
20,35|13|2016424640
20,35|13|2016424640
20,35|13|2016424640
20,32|13|2016424635
20,35|13|2016424636
20,35|13|2016424638
20,35|13|2016424641
20,33|13|2016424633
20,35|13|2016424641
20,35|13|2016424642
20,35|13|2016424647
20,35|13|2016424648
20,35|13|2016424644
20,35|13|2016424644
20,32|13|2016424645
20,35|13|2016424647
20,30|13|2016424648
20,35|12|2016424657
20,35|12|2016424657
20,32|13|2016424652
20,35|13|2016424651
20,35|13|2016424652
20,31|13|2016424652
20,35|13|2016424653
20,35|13|2016424653
20,35|12|2016424656
20,35|12|2016424656
20,35|12|201642472
20,35|12|201642473
20,35|12|201642475
20,35|12|2016424658
20,35|12|2016424659
20,35|12|2016424659
20,35|12|201642471
20,35|12|201642475
20,35|12|201642477
20,35|12|201642478
20,35|12|2016424716
20,35|12|2016424718
20,35|12|2016424719
20,35|12|2016424722
20,35|12|2016424723
20,35|12|2016424724
20,35|12|2016424720
20,35|12|2016424720
20,35|12|2016424726
20,35|12|2016424726
20,35|12|2016424724
20,35|12|2016424725
20,35|12|2016424729
20,35|12|2016424733
20,35|11|2016424734
20,35|11|2016424734
20,32|12|2016424732
20,35|11|2016424735
20,35|11|2016424739
20,35|11|2016424739
20,35|11|2016424735
20,35|11|2016424735
20,35|11|2016424736
20,35|11|2016424739
20,35|11|2016424741
20,35|11|2016424739
20,35|11|2016424740
20,35|11|2016424742
20,35|11|2016424742
20,32|11|2016424751
20,32|11|2016424751
20,35|11|2016424744
20,33|11|2016424745
20,35|11|2016424751
20,35|11|2016424745
20,31|11|2016424746
20,35|11|2016424748
20,30|11|2016424751
20,35|11|2016424752
20,35|11|2016424752
20,30|11|2016424756
20,35|11|2016424753
20,35|11|2016424754
20,35|11|2016424754
20,35|11|2016424754
20,35|11|2016424755
20,35|11|2016424756
20,32|11|2016424757
18,31|13|20164241556
18,36|13|20164241557
18,36|13|20164241558
18,34|13|20164241559
18,36|13|2016424160
18,36|13|2016424161
18,36|13|2016424162
18,36|13|2016424162
18,36|13|2016424164
18,36|13|2016424165
18,31|13|2016424165
18,33|13|2016424166
18,36|13|2016424166
18,36|13|2016424167
18,36|13|2016424167
18,33|13|2016424168
18,36|13|2016424169
18,33|13|20164241611
18,36|13|20164241612
18,36|13|20164241614
18,36|14|20164241616
18,36|14|20164241616
18,36|14|20164241617
18,36|14|20164241617
18,36|14|20164241618
18,36|14|20164241619
18,36|14|20164241620
18,36|14|20164241620
18,36|14|20164241621
18,36|14|20164241622
18,36|14|20164241622
18,36|14|20164241623
18,33|14|20164241624
18,36|14|20164241625
18,36|14|20164241625
18,31|14|20164241626
18,34|14|20164241628
18,36|14|20164241628
18,36|13|20164241632
18,36|13|20164241632
18,34|13|20164241633
18,36|13|20164241634
18,31|13|20164241635
18,36|13|20164241636
18,36|13|20164241636
18,31|13|20164241637
18,36|13|20164241639
18,36|13|20164241639
18,31|13|20164241640
18,36|13|20164241641
18,31|13|20164241642
18,32|13|20164241642
18,32|13|20164241642
18,36|13|20164241643
18,36|13|20164241646
18,36|13|20164241646
18,31|13|20164241646
18,36|13|20164241651
18,32|15|20164241653
18,36|15|20164241653
18,36|15|20164241653
18,36|13|20164241653
18,36|15|20164241655
18,34|15|20164241656
18,36|15|20164241656
18,36|15|20164241656
18,36|13|20164241657
18,36|15|20164241658
18,36|15|20164241658
18,36|15|20164241659
18,36|15|2016424170
18,36|15|2016424170
18,36|15|2016424171
18,34|15|2016424171
18,34|15|2016424172
18,34|15|2016424172
18,34|15|2016424173
18,36|15|2016424174
18,36|15|2016424175
18,33|15|2016424177
19,33|15|2016424179
18,36|15|20164241713
18,34|15|20164241714
18,34|15|20164241714
18,36|15|20164241715
18,32|15|20164241729
18,32|15|20164241729
18,36|15|20164241729
18,32|15|20164241729
18,36|15|20164241729
18,36|15|20164241729
18,36|15|20164241729
18,36|15|20164241729
18,36|15|20164241729
18,31|15|20164241729
18,36|15|20164241729
18,36|15|20164241729
18,31|15|20164241729
18,31|15|20164241729
20,35|11|2016424757
20,30|11|2016424759
20,31|11|201642480
18,36|15|20164241730
18,36|15|20164241731
18,33|15|20164241731
18,36|15|20164241732
19,31|15|20164241733
19,33|15|20164241737
18,36|15|20164241732
19,30|15|20164241733
19,35|15|20164241734
19,31|15|20164241736
19,35|15|20164241739
19,35|15|20164241739
19,35|15|20164241740
19,31|15|20164241742
19,35|15|20164241747
18,36|15|20164241742
19,35|15|20164241743
19,35|15|20164241744
18,36|15|20164241744
19,30|15|20164241746
19,35|15|20164241747
19,35|15|20164241748
19,32|15|20164241750
19,32|15|20164241750
19,35|15|20164241749
19,35|15|20164241749
19,35|16|20164241751
19,35|16|20164241751
19,35|15|20164241749
19,30|15|20164241749
19,32|16|20164241750
18,36|16|20164241752
18,36|16|20164241753
18,36|16|20164241754
18,36|16|20164241755
18,32|16|20164241755
18,36|16|20164241756
18,36|16|20164241756
18,36|16|20164241757
18,36|16|20164241758
18,36|16|20164241759
18,32|16|2016424180
18,33|16|2016424180
18,36|16|2016424186
18,33|16|2016424188
18,36|16|2016424181
18,36|16|2016424182
18,36|16|2016424183
18,36|16|2016424183
18,33|16|2016424186
18,36|16|2016424187
18,36|16|2016424189
18,36|16|20164241810
18,36|16|20164241811
18,36|16|20164241812
19,32|16|20164241813
19,35|16|20164241813
18,36|16|20164241814
19,35|16|20164241817
19,31|16|20164241815
19,35|16|20164241817
19,35|16|20164241827
19,35|16|20164241827
19,31|16|20164241822
19,35|16|20164241824
19,35|16|20164241825
19,35|16|20164241826
19,32|16|20164241818
19,35|16|20164241826
19,35|16|20164241819
19,35|16|20164241819
19,35|16|20164241827
19,35|16|20164241832
19,35|16|20164241828
19,31|16|20164241829
19,35|16|20164241830
19,35|16|20164241830
19,35|16|20164241831
19,35|16|20164241833
19,35|16|20164241833
19,35|16|20164241836
19,35|16|20164241836
19,35|16|20164241840
19,35|16|20164241840
19,35|16|20164241837
19,35|16|20164241841
19,33|16|20164241834
19,35|16|20164241836
19,35|16|20164241837
19,35|16|20164241841
19,35|16|20164241842
19,35|16|20164241842
19,35|16|20164241842
19,32|16|20164241844
19,35|16|20164241847
19,35|16|20164241842
19,35|16|20164241844
19,35|16|20164241845
19,35|16|20164241846
19,35|16|20164241848
19,35|16|20164241848
19,35|16|20164241848
19,35|16|20164241849
19,35|16|20164241856
19,35|16|20164241857
19,35|16|20164241851
19,35|16|20164241856
19,35|16|20164241857
19,35|16|20164241858
19,35|16|20164241859
19,35|16|2016424192
19,35|16|2016424193
19,35|16|2016424195
19,30|16|2016424196
19,31|16|2016424197
19,35|16|2016424197
19,35|16|2016424190
19,35|16|2016424192
19,35|16|2016424194
19,35|17|2016424198
19,35|17|2016424199
19,35|17|2016424199
19,35|17|2016424199
19,35|17|20164241910
20,32|17|20164241912
20,35|17|20164241913
20,33|17|20164241913
19,35|17|2016424199
20,35|17|20164241916
20,35|17|20164241916
20,32|17|20164241918
20,35|17|20164241919
20,35|17|20164241914
20,35|17|20164241915
20,35|17|20164241918
20,35|17|20164241918
20,31|17|20164241920
20,35|17|20164241917
20,31|17|20164241924
20,31|17|20164241924
20,35|17|20164241921
20,30|17|20164241924
20,32|17|20164241926
20,35|17|20164241927
20,35|17|20164241921
20,32|17|20164241922
20,35|17|20164241923
20,35|17|20164241925
20,35|17|20164241928
20,35|17|20164241928
20,33|17|20164241929
20,33|17|20164241929
20,35|17|20164241930
20,35|17|20164241931
20,30|17|20164241932
20,35|17|20164241933
20,35|17|20164241934
20,32|17|20164241935
20,32|17|20164241936
20,35|17|20164241937
20,35|17|20164241937
20,35|17|20164241938
20,35|17|20164241938
20,32|17|20164241937
20,35|17|20164241938
20,30|17|20164241939
20,35|17|20164241940
20,35|17|20164241940
20,30|17|20164241944
20,35|17|20164241945
20,35|17|20164241945
20,35|17|20164241946
20,35|17|20164241949
20,35|17|20164241948
20,35|17|20164241949
20,35|17|20164241950
20,35|17|20164241950
20,35|17|20164241951
20,35|17|20164241952
20,35|17|20164241952
20,35|17|20164241952
20,35|17|20164241953
20,31|17|20164241956
20,35|17|20164241953
20,35|17|20164241954
20,35|17|20164241955
20,33|17|20164241957
20,35|17|20164241959
20,35|17|2016424200
20,33|18|2016424203
20,33|18|2016424203
20,32|18|2016424200
20,33|18|2016424203
20,32|18|2016424205
20,35|17|2016424200
20,30|18|2016424201
20,35|18|2016424206
20,32|18|2016424207
20,35|18|2016424209
20,35|18|20164242016
20,35|18|20164242016
20,35|18|2016424209
20,35|18|20164242012
20,35|18|20164242011
20,32|18|20164242012
20,35|18|20164242013
20,35|18|20164242018
20,35|18|20164242018
20,35|18|20164242018
20,35|18|20164242020
20,35|18|20164242020
20,35|18|20164242019
20,35|18|20164242022
20,35|18|20164242023
20,35|18|20164242025
20,35|18|20164242021
20,35|18|20164242022
20,35|18|20164242025
20,35|18|20164242020
20,35|18|20164242028
20,35|18|20164242028
20,35|18|20164242029
20,35|18|20164242029
20,35|18|20164242027
20,35|18|20164242028
20,33|18|20164242029
20,35|18|20164242027
20,33|18|20164242030
20,35|18|20164242031
20,31|20|20164242030
20,35|20|20164242036
20,35|20|20164242036
20,35|18|20164242032
20,35|20|20164242031
20,35|20|20164242038
20,35|20|20164242039
20,35|20|20164242036
20,35|20|20164242039
20,35|20|20164242035
20,35|20|20164242035
20,35|20|20164242040
20,35|20|20164242040
20,35|20|20164242041
20,35|20|20164242044
20,35|20|20164242045
20,35|20|20164242045
20,35|20|20164242045
20,32|20|20164242046
20,30|20|20164242047
20,35|20|20164242049
21,34|20|20164242054
21,31|20|20164242055
21,34|20|20164242056
21,31|20|20164242056
20,35|20|20164242050
20,33|20|20164242050
20,30|20|20164242050
20,35|20|20164242051
20,35|20|20164242052
21,34|20|20164242058
21,34|20|20164242058
21,34|20|2016424211
21,34|20|2016424213
21,34|20|20164242057
21,34|20|20164242058
21,34|20|20164242058
21,34|20|20164242059
21,34|20|2016424210
21,32|20|2016424212
21,34|20|2016424217
21,34|20|2016424217
21,34|20|2016424215
21,30|20|2016424219
21,34|20|2016424219
21,29|20|20164242110
21,34|20|20164242111
21,34|20|2016424216
21,34|20|20164242110
21,34|20|2016424214
21,34|20|20164242112
21,34|20|20164242113
21,34|20|20164242215
21,34|20|20164242215
20,35|20|20164242215
20,35|20|20164242215
20,33|18|20164242215
20,35|18|20164242215
20,35|18|20164242215
21,34|18|20164242215
20,35|18|20164242215
21,30|18|20164242215
21,34|18|20164242215
21,34|18|20164242215
20,35|18|20164242215
20,35|18|20164242215
20,35|18|20164242215
20,35|20|20164242215
20,35|18|20164242215
21,34|18|20164242215
20,35|18|20164242215
21,34|18|20164242215
21,31|18|20164242215
21,34|18|20164242215
20,35|18|20164242215
20,35|18|20164242215
21,34|18|20164242215
21,34|18|20164242215
20,35|18|20164242215
20,35|18|20164242215
20,35|18|20164242215
20,35|18|20164242215